{"cameraMode":{"drawMode":0,"name":"Shaded","section":"Shading Mode"},"sceneLighting":true,"audioPlay":false,"sceneViewState":{"showFog":true,"showMaterialUpdate":false,"showSkybox":true,"showFlares":true,"showImageEffects":true,"showParticleSystems":true},"in2DMode":false,"pivot":{"x":117.463134765625,"y":-97.044921875,"z":-484.851806640625},"rotation":{"x":-0.3486977815628052,"y":0.4074517488479614,"z":-0.17193682491779328,"w":-0.8263384103775024},"size":571.3970947265625,"orthographic":false}