{"cameraMode":{"drawMode":0,"name":"Shaded","section":"Shading Mode"},"sceneLighting":false,"audioPlay":false,"sceneViewState":{"showFog":true,"showMaterialUpdate":true,"showSkybox":false,"showFlares":true,"showImageEffects":true,"showParticleSystems":true},"in2DMode":false,"pivot":{"x":35.521759033203128,"y":377.94384765625,"z":-320.80322265625},"rotation":{"x":-0.07075029611587525,"y":-0.002396830590441823,"z":0.00016993741155602038,"w":-0.9974921345710754},"size":0.5779306292533875,"orthographic":false}