{"cameraMode":{"drawMode":0,"name":"Shaded","section":"Shading Mode"},"sceneLighting":false,"audioPlay":false,"sceneViewState":{"showFog":true,"showMaterialUpdate":true,"showSkybox":false,"showFlares":true,"showImageEffects":true,"showParticleSystems":true},"in2DMode":false,"pivot":{"x":10.077775955200196,"y":8.595307350158692,"z":5.830804824829102},"rotation":{"x":-0.07560703158378601,"y":0.4041762053966522,"z":-0.03354642540216446,"w":-0.9109352231025696},"size":8.582159996032715,"orthographic":false}